<?xml version="1.0" encoding="UTF-8" standalone="yes"?>
<addon id="plugin.video.sporttest" name="sporttest" version="0.0.2" provider-name="MartiNaD">
	<requires>
		<import addon="xbmc.python" version="2.19.0" />
        <import addon="script.module.python.koding.aio" version="0.0.2"/>
	</requires>
	<extension point="xbmc.python.pluginsource" library="default.py">
		<provides>video</provides>
	</extension>
	<extension point="xbmc.addon.metadata">
		<summary lang="en">Sport test addon</summary>
		<description lang="en">A repo to test sports addon</description>
		<platform>all</platform>
		<forum>http://www.noobsandnerds.com/support</forum>
		<website>www.noobsandnerds.com</website>
		<news></news>
		<genre>sports</genre>
		<video_guide></video_guide>
		<video_preview></video_preview>
	</extension>
</addon>
