<?xml version="1.0" encoding="UTF-8" standalone="yes"?>
<addon id="repository.sporttest" name="sporttest" version="0.0.1" provider-name="MartiNaD">
	<extension point="xbmc.addon.repository" name="sporttest">
		<dir>
			<info compressed="false">https://raw.githubusercontent.com/totalrevolution/python-koding/master/zips/addons.xml</info>
			<checksum>https://raw.githubusercontent.com/totalrevolution/python-koding/master/zips/addons.xml.md5</checksum>
			<datadir zip="true">https://raw.githubusercontent.com/totalrevolution/python-koding/master/zips/</datadir>
		</dir>
		<info compressed="false">https://raw.githubusercontent.com/martinad33/repository.sporttest/master/zips/addons.xml</info>
		<checksum>https://raw.githubusercontent.com/martinad33/repository.sporttest/master/zips/addons.xml.md5</checksum>
		<datadir zip="true">https://raw.githubusercontent.com/martinad33/repository.sporttest/master/zips/</datadir>
	</extension>
	<extension point="xbmc.addon.metadata">
		<summary lang="en">Sport test repo</summary>
		<description lang="en">A repo to test sports addon</description>
		<genre></genre>
	</extension>
</addon>